<?xml version="1.0" encoding="UTF-8" standalone="yes"?>
<template encoding-version="1.3">
    <description></description>
    <groupId>e2afd294-0180-1000-081b-df5f11451d18</groupId>
    <name>Stefania</name>
    <snippet>
        <processGroups>
            <id>9cdd5016-c2d8-3599-0000-000000000000</id>
            <parentGroupId>541c9792-ee7a-30fc-0000-000000000000</parentGroupId>
            <position>
                <x>0.0</x>
                <y>200.0</y>
            </position>
            <comments></comments>
            <contents>
                <connections>
                    <id>35a5d910-b356-3166-0000-000000000000</id>
                    <parentGroupId>9cdd5016-c2d8-3599-0000-000000000000</parentGroupId>
                    <backPressureDataSizeThreshold>1 GB</backPressureDataSizeThreshold>
                    <backPressureObjectThreshold>10000</backPressureObjectThreshold>
                    <destination>
                        <groupId>9cdd5016-c2d8-3599-0000-000000000000</groupId>
                        <id>35f56781-00f3-34f4-0000-000000000000</id>
                        <type>PROCESSOR</type>
                    </destination>
                    <flowFileExpiration>0 sec</flowFileExpiration>
                    <labelIndex>1</labelIndex>
                    <loadBalanceCompression>DO_NOT_COMPRESS</loadBalanceCompression>
                    <loadBalancePartitionAttribute></loadBalancePartitionAttribute>
                    <loadBalanceStatus>LOAD_BALANCE_NOT_CONFIGURED</loadBalanceStatus>
                    <loadBalanceStrategy>DO_NOT_LOAD_BALANCE</loadBalanceStrategy>
                    <name></name>
                    <selectedRelationships>success</selectedRelationships>
                    <source>
                        <groupId>9cdd5016-c2d8-3599-0000-000000000000</groupId>
                        <id>59c4e0af-adb1-32ee-0000-000000000000</id>
                        <type>PROCESSOR</type>
                    </source>
                    <zIndex>0</zIndex>
                </connections>
                <connections>
                    <id>548f1f0c-0815-391b-0000-000000000000</id>
                    <parentGroupId>9cdd5016-c2d8-3599-0000-000000000000</parentGroupId>
                    <backPressureDataSizeThreshold>1 GB</backPressureDataSizeThreshold>
                    <backPressureObjectThreshold>10000</backPressureObjectThreshold>
                    <destination>
                        <groupId>9cdd5016-c2d8-3599-0000-000000000000</groupId>
                        <id>fdb7d98b-1295-33e8-0000-000000000000</id>
                        <type>PROCESSOR</type>
                    </destination>
                    <flowFileExpiration>0 sec</flowFileExpiration>
                    <labelIndex>1</labelIndex>
                    <loadBalanceCompression>DO_NOT_COMPRESS</loadBalanceCompression>
                    <loadBalancePartitionAttribute></loadBalancePartitionAttribute>
                    <loadBalanceStatus>LOAD_BALANCE_NOT_CONFIGURED</loadBalanceStatus>
                    <loadBalanceStrategy>DO_NOT_LOAD_BALANCE</loadBalanceStrategy>
                    <name></name>
                    <selectedRelationships>success</selectedRelationships>
                    <source>
                        <groupId>9cdd5016-c2d8-3599-0000-000000000000</groupId>
                        <id>35f56781-00f3-34f4-0000-000000000000</id>
                        <type>PROCESSOR</type>
                    </source>
                    <zIndex>0</zIndex>
                </connections>
                <connections>
                    <id>90b1c962-4cdf-32cd-0000-000000000000</id>
                    <parentGroupId>9cdd5016-c2d8-3599-0000-000000000000</parentGroupId>
                    <backPressureDataSizeThreshold>1 GB</backPressureDataSizeThreshold>
                    <backPressureObjectThreshold>10000</backPressureObjectThreshold>
                    <destination>
                        <groupId>9cdd5016-c2d8-3599-0000-000000000000</groupId>
                        <id>20c4762f-ade2-3189-0000-000000000000</id>
                        <type>PROCESSOR</type>
                    </destination>
                    <flowFileExpiration>0 sec</flowFileExpiration>
                    <labelIndex>1</labelIndex>
                    <loadBalanceCompression>DO_NOT_COMPRESS</loadBalanceCompression>
                    <loadBalancePartitionAttribute></loadBalancePartitionAttribute>
                    <loadBalanceStatus>LOAD_BALANCE_NOT_CONFIGURED</loadBalanceStatus>
                    <loadBalanceStrategy>DO_NOT_LOAD_BALANCE</loadBalanceStrategy>
                    <name></name>
                    <selectedRelationships>failure</selectedRelationships>
                    <source>
                        <groupId>9cdd5016-c2d8-3599-0000-000000000000</groupId>
                        <id>35f56781-00f3-34f4-0000-000000000000</id>
                        <type>PROCESSOR</type>
                    </source>
                    <zIndex>0</zIndex>
                </connections>
                <connections>
                    <id>c55272c0-d214-3080-0000-000000000000</id>
                    <parentGroupId>9cdd5016-c2d8-3599-0000-000000000000</parentGroupId>
                    <backPressureDataSizeThreshold>1 GB</backPressureDataSizeThreshold>
                    <backPressureObjectThreshold>10000</backPressureObjectThreshold>
                    <destination>
                        <groupId>9cdd5016-c2d8-3599-0000-000000000000</groupId>
                        <id>20c4762f-ade2-3189-0000-000000000000</id>
                        <type>PROCESSOR</type>
                    </destination>
                    <flowFileExpiration>0 sec</flowFileExpiration>
                    <labelIndex>1</labelIndex>
                    <loadBalanceCompression>DO_NOT_COMPRESS</loadBalanceCompression>
                    <loadBalancePartitionAttribute></loadBalancePartitionAttribute>
                    <loadBalanceStatus>LOAD_BALANCE_NOT_CONFIGURED</loadBalanceStatus>
                    <loadBalanceStrategy>DO_NOT_LOAD_BALANCE</loadBalanceStrategy>
                    <name></name>
                    <selectedRelationships>failure</selectedRelationships>
                    <source>
                        <groupId>9cdd5016-c2d8-3599-0000-000000000000</groupId>
                        <id>fdb7d98b-1295-33e8-0000-000000000000</id>
                        <type>PROCESSOR</type>
                    </source>
                    <zIndex>0</zIndex>
                </connections>
                <connections>
                    <id>f7e52a02-da39-3a22-0000-000000000000</id>
                    <parentGroupId>9cdd5016-c2d8-3599-0000-000000000000</parentGroupId>
                    <backPressureDataSizeThreshold>1 GB</backPressureDataSizeThreshold>
                    <backPressureObjectThreshold>10000</backPressureObjectThreshold>
                    <destination>
                        <groupId>9cdd5016-c2d8-3599-0000-000000000000</groupId>
                        <id>20c4762f-ade2-3189-0000-000000000000</id>
                        <type>PROCESSOR</type>
                    </destination>
                    <flowFileExpiration>0 sec</flowFileExpiration>
                    <labelIndex>1</labelIndex>
                    <loadBalanceCompression>DO_NOT_COMPRESS</loadBalanceCompression>
                    <loadBalancePartitionAttribute></loadBalancePartitionAttribute>
                    <loadBalanceStatus>LOAD_BALANCE_NOT_CONFIGURED</loadBalanceStatus>
                    <loadBalanceStrategy>DO_NOT_LOAD_BALANCE</loadBalanceStrategy>
                    <name></name>
                    <selectedRelationships>failure</selectedRelationships>
                    <source>
                        <groupId>9cdd5016-c2d8-3599-0000-000000000000</groupId>
                        <id>59c4e0af-adb1-32ee-0000-000000000000</id>
                        <type>PROCESSOR</type>
                    </source>
                    <zIndex>0</zIndex>
                </connections>
                <labels>
                    <id>5db09df8-29e2-36c9-0000-000000000000</id>
                    <parentGroupId>9cdd5016-c2d8-3599-0000-000000000000</parentGroupId>
                    <position>
                        <x>952.0</x>
                        <y>416.0</y>
                    </position>
                    <height>24.0</height>
                    <label>HISTORIFICAR</label>
                    <style>
                        <entry>
                            <key>font-size</key>
                            <value>12px</value>
                        </entry>
                    </style>
                    <width>104.0</width>
                </labels>
                <labels>
                    <id>62126666-6d2a-3fd0-0000-000000000000</id>
                    <parentGroupId>9cdd5016-c2d8-3599-0000-000000000000</parentGroupId>
                    <position>
                        <x>1288.0</x>
                        <y>936.0</y>
                    </position>
                    <height>24.0</height>
                    <label>BORRAR DATOS CONSOLIDADOS</label>
                    <style>
                        <entry>
                            <key>font-size</key>
                            <value>12px</value>
                        </entry>
                    </style>
                    <width>200.0</width>
                </labels>
                <labels>
                    <id>77e851cf-5a51-3dbb-0000-000000000000</id>
                    <parentGroupId>9cdd5016-c2d8-3599-0000-000000000000</parentGroupId>
                    <position>
                        <x>1192.0</x>
                        <y>464.0</y>
                    </position>
                    <height>24.0</height>
                    <label>GENERAR DATOS CONSOLIDADOS</label>
                    <style>
                        <entry>
                            <key>font-size</key>
                            <value>12px</value>
                        </entry>
                    </style>
                    <width>200.0</width>
                </labels>
                <labels>
                    <id>9a88656d-7912-3131-0000-000000000000</id>
                    <parentGroupId>9cdd5016-c2d8-3599-0000-000000000000</parentGroupId>
                    <position>
                        <x>1152.0</x>
                        <y>800.0</y>
                    </position>
                    <height>24.0</height>
                    <label>CARGAR DATOS CONSOLIDADOS</label>
                    <style>
                        <entry>
                            <key>font-size</key>
                            <value>12px</value>
                        </entry>
                    </style>
                    <width>200.0</width>
                </labels>
                <processors>
                    <id>20c4762f-ade2-3189-0000-000000000000</id>
                    <parentGroupId>9cdd5016-c2d8-3599-0000-000000000000</parentGroupId>
                    <position>
                        <x>1448.0</x>
                        <y>672.0</y>
                    </position>
                    <bundle>
                        <artifact>nifi-standard-nar</artifact>
                        <group>org.apache.nifi</group>
                        <version>1.15.3</version>
                    </bundle>
                    <config>
                        <bulletinLevel>WARN</bulletinLevel>
                        <comments></comments>
                        <concurrentlySchedulableTaskCount>1</concurrentlySchedulableTaskCount>
                        <descriptors>
                            <entry>
<key>Log Level</key>
<value>
    <name>Log Level</name>
</value>
                            </entry>
                            <entry>
<key>Log Payload</key>
<value>
    <name>Log Payload</name>
</value>
                            </entry>
                            <entry>
<key>Attributes to Log</key>
<value>
    <name>Attributes to Log</name>
</value>
                            </entry>
                            <entry>
<key>attributes-to-log-regex</key>
<value>
    <name>attributes-to-log-regex</name>
</value>
                            </entry>
                            <entry>
<key>Attributes to Ignore</key>
<value>
    <name>Attributes to Ignore</name>
</value>
                            </entry>
                            <entry>
<key>attributes-to-ignore-regex</key>
<value>
    <name>attributes-to-ignore-regex</name>
</value>
                            </entry>
                            <entry>
<key>Log prefix</key>
<value>
    <name>Log prefix</name>
</value>
                            </entry>
                            <entry>
<key>character-set</key>
<value>
    <name>character-set</name>
</value>
                            </entry>
                        </descriptors>
                        <executionNode>ALL</executionNode>
                        <lossTolerant>false</lossTolerant>
                        <penaltyDuration>30 sec</penaltyDuration>
                        <properties>
                            <entry>
<key>Log Level</key>
<value>info</value>
                            </entry>
                            <entry>
<key>Log Payload</key>
<value>false</value>
                            </entry>
                            <entry>
<key>Attributes to Log</key>
                            </entry>
                            <entry>
<key>attributes-to-log-regex</key>
<value>.*</value>
                            </entry>
                            <entry>
<key>Attributes to Ignore</key>
                            </entry>
                            <entry>
<key>attributes-to-ignore-regex</key>
                            </entry>
                            <entry>
<key>Log prefix</key>
                            </entry>
                            <entry>
<key>character-set</key>
<value>UTF-8</value>
                            </entry>
                        </properties>
                        <runDurationMillis>0</runDurationMillis>
                        <schedulingPeriod>0 sec</schedulingPeriod>
                        <schedulingStrategy>TIMER_DRIVEN</schedulingStrategy>
                        <yieldDuration>1 sec</yieldDuration>
                    </config>
                    <executionNodeRestricted>false</executionNodeRestricted>
                    <name>LogAttribute</name>
                    <relationships>
                        <autoTerminate>false</autoTerminate>
                        <name>success</name>
                    </relationships>
                    <state>STOPPED</state>
                    <style/>
                    <type>org.apache.nifi.processors.standard.LogAttribute</type>
                </processors>
                <processors>
                    <id>35f56781-00f3-34f4-0000-000000000000</id>
                    <parentGroupId>9cdd5016-c2d8-3599-0000-000000000000</parentGroupId>
                    <position>
                        <x>800.0</x>
                        <y>688.0</y>
                    </position>
                    <bundle>
                        <artifact>nifi-standard-nar</artifact>
                        <group>org.apache.nifi</group>
                        <version>1.15.3</version>
                    </bundle>
                    <config>
                        <bulletinLevel>WARN</bulletinLevel>
                        <comments></comments>
                        <concurrentlySchedulableTaskCount>1</concurrentlySchedulableTaskCount>
                        <descriptors>
                            <entry>
<key>put-db-record-record-reader</key>
<value>
    <identifiesControllerService>org.apache.nifi.serialization.RecordReaderFactory</identifiesControllerService>
    <name>put-db-record-record-reader</name>
</value>
                            </entry>
                            <entry>
<key>db-type</key>
<value>
    <name>db-type</name>
</value>
                            </entry>
                            <entry>
<key>put-db-record-statement-type</key>
<value>
    <name>put-db-record-statement-type</name>
</value>
                            </entry>
                            <entry>
<key>Statement Type Record Path</key>
<value>
    <dependencies>
        <dependentValues>Use Record Path</dependentValues>
        <propertyName>put-db-record-statement-type</propertyName>
    </dependencies>
    <name>Statement Type Record Path</name>
</value>
                            </entry>
                            <entry>
<key>Data Record Path</key>
<value>
    <name>Data Record Path</name>
</value>
                            </entry>
                            <entry>
<key>put-db-record-dcbp-service</key>
<value>
    <identifiesControllerService>org.apache.nifi.dbcp.DBCPService</identifiesControllerService>
    <name>put-db-record-dcbp-service</name>
</value>
                            </entry>
                            <entry>
<key>put-db-record-catalog-name</key>
<value>
    <name>put-db-record-catalog-name</name>
</value>
                            </entry>
                            <entry>
<key>put-db-record-schema-name</key>
<value>
    <name>put-db-record-schema-name</name>
</value>
                            </entry>
                            <entry>
<key>put-db-record-table-name</key>
<value>
    <name>put-db-record-table-name</name>
</value>
                            </entry>
                            <entry>
<key>put-db-record-translate-field-names</key>
<value>
    <name>put-db-record-translate-field-names</name>
</value>
                            </entry>
                            <entry>
<key>put-db-record-unmatched-field-behavior</key>
<value>
    <name>put-db-record-unmatched-field-behavior</name>
</value>
                            </entry>
                            <entry>
<key>put-db-record-unmatched-column-behavior</key>
<value>
    <name>put-db-record-unmatched-column-behavior</name>
</value>
                            </entry>
                            <entry>
<key>put-db-record-update-keys</key>
<value>
    <dependencies>
        <dependentValues>Use statement.type Attribute</dependentValues>
        <dependentValues>Use Record Path</dependentValues>
        <dependentValues>UPSERT</dependentValues>
        <dependentValues>UPDATE</dependentValues>
        <dependentValues>SQL</dependentValues>
        <propertyName>put-db-record-statement-type</propertyName>
    </dependencies>
    <name>put-db-record-update-keys</name>
</value>
                            </entry>
                            <entry>
<key>put-db-record-field-containing-sql</key>
<value>
    <dependencies>
        <dependentValues>Use statement.type Attribute</dependentValues>
        <dependentValues>Use Record Path</dependentValues>
        <propertyName>put-db-record-statement-type</propertyName>
    </dependencies>
    <name>put-db-record-field-containing-sql</name>
</value>
                            </entry>
                            <entry>
<key>put-db-record-allow-multiple-statements</key>
<value>
    <dependencies>
        <dependentValues>Use statement.type Attribute</dependentValues>
        <dependentValues>Use Record Path</dependentValues>
        <propertyName>put-db-record-statement-type</propertyName>
    </dependencies>
    <name>put-db-record-allow-multiple-statements</name>
</value>
                            </entry>
                            <entry>
<key>put-db-record-quoted-identifiers</key>
<value>
    <name>put-db-record-quoted-identifiers</name>
</value>
                            </entry>
                            <entry>
<key>put-db-record-quoted-table-identifiers</key>
<value>
    <name>put-db-record-quoted-table-identifiers</name>
</value>
                            </entry>
                            <entry>
<key>put-db-record-query-timeout</key>
<value>
    <name>put-db-record-query-timeout</name>
</value>
                            </entry>
                            <entry>
<key>rollback-on-failure</key>
<value>
    <name>rollback-on-failure</name>
</value>
                            </entry>
                            <entry>
<key>table-schema-cache-size</key>
<value>
    <name>table-schema-cache-size</name>
</value>
                            </entry>
                            <entry>
<key>put-db-record-max-batch-size</key>
<value>
    <dependencies>
        <dependentValues>Use statement.type Attribute</dependentValues>
        <dependentValues>Use Record Path</dependentValues>
        <dependentValues>INSERT</dependentValues>
        <dependentValues>UPDATE</dependentValues>
        <propertyName>put-db-record-statement-type</propertyName>
    </dependencies>
    <name>put-db-record-max-batch-size</name>
</value>
                            </entry>
                        </descriptors>
                        <executionNode>ALL</executionNode>
                        <lossTolerant>false</lossTolerant>
                        <penaltyDuration>30 sec</penaltyDuration>
                        <properties>
                            <entry>
<key>put-db-record-record-reader</key>
                            </entry>
                            <entry>
<key>db-type</key>
<value>Generic</value>
                            </entry>
                            <entry>
<key>put-db-record-statement-type</key>
                            </entry>
                            <entry>
<key>Statement Type Record Path</key>
                            </entry>
                            <entry>
<key>Data Record Path</key>
                            </entry>
                            <entry>
<key>put-db-record-dcbp-service</key>
                            </entry>
                            <entry>
<key>put-db-record-catalog-name</key>
                            </entry>
                            <entry>
<key>put-db-record-schema-name</key>
                            </entry>
                            <entry>
<key>put-db-record-table-name</key>
                            </entry>
                            <entry>
<key>put-db-record-translate-field-names</key>
<value>true</value>
                            </entry>
                            <entry>
<key>put-db-record-unmatched-field-behavior</key>
<value>Ignore Unmatched Fields</value>
                            </entry>
                            <entry>
<key>put-db-record-unmatched-column-behavior</key>
<value>Fail on Unmatched Columns</value>
                            </entry>
                            <entry>
<key>put-db-record-update-keys</key>
                            </entry>
                            <entry>
<key>put-db-record-field-containing-sql</key>
                            </entry>
                            <entry>
<key>put-db-record-allow-multiple-statements</key>
<value>false</value>
                            </entry>
                            <entry>
<key>put-db-record-quoted-identifiers</key>
<value>false</value>
                            </entry>
                            <entry>
<key>put-db-record-quoted-table-identifiers</key>
<value>false</value>
                            </entry>
                            <entry>
<key>put-db-record-query-timeout</key>
<value>0 seconds</value>
                            </entry>
                            <entry>
<key>rollback-on-failure</key>
<value>false</value>
                            </entry>
                            <entry>
<key>table-schema-cache-size</key>
<value>100</value>
                            </entry>
                            <entry>
<key>put-db-record-max-batch-size</key>
<value>0</value>
                            </entry>
                        </properties>
                        <runDurationMillis>0</runDurationMillis>
                        <schedulingPeriod>0 sec</schedulingPeriod>
                        <schedulingStrategy>TIMER_DRIVEN</schedulingStrategy>
                        <yieldDuration>1 sec</yieldDuration>
                    </config>
                    <executionNodeRestricted>false</executionNodeRestricted>
                    <name>InsertAgregados</name>
                    <relationships>
                        <autoTerminate>false</autoTerminate>
                        <name>failure</name>
                    </relationships>
                    <relationships>
                        <autoTerminate>false</autoTerminate>
                        <name>retry</name>
                    </relationships>
                    <relationships>
                        <autoTerminate>false</autoTerminate>
                        <name>success</name>
                    </relationships>
                    <state>STOPPED</state>
                    <style/>
                    <type>org.apache.nifi.processors.standard.PutDatabaseRecord</type>
                </processors>
                <processors>
                    <id>59c4e0af-adb1-32ee-0000-000000000000</id>
                    <parentGroupId>9cdd5016-c2d8-3599-0000-000000000000</parentGroupId>
                    <position>
                        <x>840.0</x>
                        <y>464.0</y>
                    </position>
                    <bundle>
                        <artifact>nifi-standard-nar</artifact>
                        <group>org.apache.nifi</group>
                        <version>1.15.3</version>
                    </bundle>
                    <config>
                        <bulletinLevel>WARN</bulletinLevel>
                        <comments></comments>
                        <concurrentlySchedulableTaskCount>1</concurrentlySchedulableTaskCount>
                        <descriptors>
                            <entry>
<key>Database Connection Pooling Service</key>
<value>
    <identifiesControllerService>org.apache.nifi.dbcp.DBCPService</identifiesControllerService>
    <name>Database Connection Pooling Service</name>
</value>
                            </entry>
                            <entry>
<key>sql-pre-query</key>
<value>
    <name>sql-pre-query</name>
</value>
                            </entry>
                            <entry>
<key>SQL select query</key>
<value>
    <name>SQL select query</name>
</value>
                            </entry>
                            <entry>
<key>sql-post-query</key>
<value>
    <name>sql-post-query</name>
</value>
                            </entry>
                            <entry>
<key>Max Wait Time</key>
<value>
    <name>Max Wait Time</name>
</value>
                            </entry>
                            <entry>
<key>dbf-normalize</key>
<value>
    <name>dbf-normalize</name>
</value>
                            </entry>
                            <entry>
<key>dbf-user-logical-types</key>
<value>
    <name>dbf-user-logical-types</name>
</value>
                            </entry>
                            <entry>
<key>compression-format</key>
<value>
    <name>compression-format</name>
</value>
                            </entry>
                            <entry>
<key>dbf-default-precision</key>
<value>
    <name>dbf-default-precision</name>
</value>
                            </entry>
                            <entry>
<key>dbf-default-scale</key>
<value>
    <name>dbf-default-scale</name>
</value>
                            </entry>
                            <entry>
<key>esql-max-rows</key>
<value>
    <name>esql-max-rows</name>
</value>
                            </entry>
                            <entry>
<key>esql-output-batch-size</key>
<value>
    <name>esql-output-batch-size</name>
</value>
                            </entry>
                            <entry>
<key>esql-fetch-size</key>
<value>
    <name>esql-fetch-size</name>
</value>
                            </entry>
                            <entry>
<key>esql-auto-commit</key>
<value>
    <name>esql-auto-commit</name>
</value>
                            </entry>
                        </descriptors>
                        <executionNode>ALL</executionNode>
                        <lossTolerant>false</lossTolerant>
                        <penaltyDuration>30 sec</penaltyDuration>
                        <properties>
                            <entry>
<key>Database Connection Pooling Service</key>
                            </entry>
                            <entry>
<key>sql-pre-query</key>
                            </entry>
                            <entry>
<key>SQL select query</key>
                            </entry>
                            <entry>
<key>sql-post-query</key>
                            </entry>
                            <entry>
<key>Max Wait Time</key>
<value>0 seconds</value>
                            </entry>
                            <entry>
<key>dbf-normalize</key>
<value>false</value>
                            </entry>
                            <entry>
<key>dbf-user-logical-types</key>
<value>false</value>
                            </entry>
                            <entry>
<key>compression-format</key>
<value>NONE</value>
                            </entry>
                            <entry>
<key>dbf-default-precision</key>
<value>10</value>
                            </entry>
                            <entry>
<key>dbf-default-scale</key>
<value>0</value>
                            </entry>
                            <entry>
<key>esql-max-rows</key>
<value>0</value>
                            </entry>
                            <entry>
<key>esql-output-batch-size</key>
<value>0</value>
                            </entry>
                            <entry>
<key>esql-fetch-size</key>
<value>0</value>
                            </entry>
                            <entry>
<key>esql-auto-commit</key>
<value>true</value>
                            </entry>
                        </properties>
                        <runDurationMillis>0</runDurationMillis>
                        <schedulingPeriod>0 sec</schedulingPeriod>
                        <schedulingStrategy>TIMER_DRIVEN</schedulingStrategy>
                        <yieldDuration>1 sec</yieldDuration>
                    </config>
                    <executionNodeRestricted>false</executionNodeRestricted>
                    <name>ObetenerAgregados</name>
                    <relationships>
                        <autoTerminate>false</autoTerminate>
                        <name>failure</name>
                    </relationships>
                    <relationships>
                        <autoTerminate>false</autoTerminate>
                        <name>success</name>
                    </relationships>
                    <state>STOPPED</state>
                    <style/>
                    <type>org.apache.nifi.processors.standard.ExecuteSQL</type>
                </processors>
                <processors>
                    <id>fdb7d98b-1295-33e8-0000-000000000000</id>
                    <parentGroupId>9cdd5016-c2d8-3599-0000-000000000000</parentGroupId>
                    <position>
                        <x>936.0</x>
                        <y>936.0</y>
                    </position>
                    <bundle>
                        <artifact>nifi-standard-nar</artifact>
                        <group>org.apache.nifi</group>
                        <version>1.15.3</version>
                    </bundle>
                    <config>
                        <bulletinLevel>WARN</bulletinLevel>
                        <comments></comments>
                        <concurrentlySchedulableTaskCount>1</concurrentlySchedulableTaskCount>
                        <descriptors>
                            <entry>
<key>Database Connection Pooling Service</key>
<value>
    <identifiesControllerService>org.apache.nifi.dbcp.DBCPService</identifiesControllerService>
    <name>Database Connection Pooling Service</name>
</value>
                            </entry>
                            <entry>
<key>sql-pre-query</key>
<value>
    <name>sql-pre-query</name>
</value>
                            </entry>
                            <entry>
<key>SQL select query</key>
<value>
    <name>SQL select query</name>
</value>
                            </entry>
                            <entry>
<key>sql-post-query</key>
<value>
    <name>sql-post-query</name>
</value>
                            </entry>
                            <entry>
<key>Max Wait Time</key>
<value>
    <name>Max Wait Time</name>
</value>
                            </entry>
                            <entry>
<key>dbf-normalize</key>
<value>
    <name>dbf-normalize</name>
</value>
                            </entry>
                            <entry>
<key>dbf-user-logical-types</key>
<value>
    <name>dbf-user-logical-types</name>
</value>
                            </entry>
                            <entry>
<key>compression-format</key>
<value>
    <name>compression-format</name>
</value>
                            </entry>
                            <entry>
<key>dbf-default-precision</key>
<value>
    <name>dbf-default-precision</name>
</value>
                            </entry>
                            <entry>
<key>dbf-default-scale</key>
<value>
    <name>dbf-default-scale</name>
</value>
                            </entry>
                            <entry>
<key>esql-max-rows</key>
<value>
    <name>esql-max-rows</name>
</value>
                            </entry>
                            <entry>
<key>esql-output-batch-size</key>
<value>
    <name>esql-output-batch-size</name>
</value>
                            </entry>
                            <entry>
<key>esql-fetch-size</key>
<value>
    <name>esql-fetch-size</name>
</value>
                            </entry>
                            <entry>
<key>esql-auto-commit</key>
<value>
    <name>esql-auto-commit</name>
</value>
                            </entry>
                        </descriptors>
                        <executionNode>ALL</executionNode>
                        <lossTolerant>false</lossTolerant>
                        <penaltyDuration>30 sec</penaltyDuration>
                        <properties>
                            <entry>
<key>Database Connection Pooling Service</key>
                            </entry>
                            <entry>
<key>sql-pre-query</key>
                            </entry>
                            <entry>
<key>SQL select query</key>
                            </entry>
                            <entry>
<key>sql-post-query</key>
                            </entry>
                            <entry>
<key>Max Wait Time</key>
<value>0 seconds</value>
                            </entry>
                            <entry>
<key>dbf-normalize</key>
<value>false</value>
                            </entry>
                            <entry>
<key>dbf-user-logical-types</key>
<value>false</value>
                            </entry>
                            <entry>
<key>compression-format</key>
<value>NONE</value>
                            </entry>
                            <entry>
<key>dbf-default-precision</key>
<value>10</value>
                            </entry>
                            <entry>
<key>dbf-default-scale</key>
<value>0</value>
                            </entry>
                            <entry>
<key>esql-max-rows</key>
<value>0</value>
                            </entry>
                            <entry>
<key>esql-output-batch-size</key>
<value>0</value>
                            </entry>
                            <entry>
<key>esql-fetch-size</key>
<value>0</value>
                            </entry>
                            <entry>
<key>esql-auto-commit</key>
<value>true</value>
                            </entry>
                        </properties>
                        <runDurationMillis>0</runDurationMillis>
                        <schedulingPeriod>0 sec</schedulingPeriod>
                        <schedulingStrategy>TIMER_DRIVEN</schedulingStrategy>
                        <yieldDuration>1 sec</yieldDuration>
                    </config>
                    <executionNodeRestricted>false</executionNodeRestricted>
                    <name>ExecuteSQL</name>
                    <relationships>
                        <autoTerminate>false</autoTerminate>
                        <name>failure</name>
                    </relationships>
                    <relationships>
                        <autoTerminate>false</autoTerminate>
                        <name>success</name>
                    </relationships>
                    <state>STOPPED</state>
                    <style/>
                    <type>org.apache.nifi.processors.standard.ExecuteSQL</type>
                </processors>
            </contents>
            <defaultBackPressureDataSizeThreshold>1 GB</defaultBackPressureDataSizeThreshold>
            <defaultBackPressureObjectThreshold>10000</defaultBackPressureObjectThreshold>
            <defaultFlowFileExpiration>0 sec</defaultFlowFileExpiration>
            <flowfileConcurrency>UNBOUNDED</flowfileConcurrency>
            <flowfileOutboundPolicy>STREAM_WHEN_AVAILABLE</flowfileOutboundPolicy>
            <name>historicos</name>
            <variables/>
        </processGroups>
        <processGroups>
            <id>b309dc6a-67eb-3062-0000-000000000000</id>
            <parentGroupId>541c9792-ee7a-30fc-0000-000000000000</parentGroupId>
            <position>
                <x>0.0</x>
                <y>0.0</y>
            </position>
            <comments></comments>
            <contents>
                <connections>
                    <id>58e773be-de24-30aa-0000-000000000000</id>
                    <parentGroupId>b309dc6a-67eb-3062-0000-000000000000</parentGroupId>
                    <backPressureDataSizeThreshold>1 GB</backPressureDataSizeThreshold>
                    <backPressureObjectThreshold>10000</backPressureObjectThreshold>
                    <destination>
                        <groupId>b309dc6a-67eb-3062-0000-000000000000</groupId>
                        <id>0b769924-f184-3e66-0000-000000000000</id>
                        <type>PROCESSOR</type>
                    </destination>
                    <flowFileExpiration>0 sec</flowFileExpiration>
                    <labelIndex>1</labelIndex>
                    <loadBalanceCompression>DO_NOT_COMPRESS</loadBalanceCompression>
                    <loadBalancePartitionAttribute></loadBalancePartitionAttribute>
                    <loadBalanceStatus>LOAD_BALANCE_NOT_CONFIGURED</loadBalanceStatus>
                    <loadBalanceStrategy>DO_NOT_LOAD_BALANCE</loadBalanceStrategy>
                    <name></name>
                    <selectedRelationships>failure</selectedRelationships>
                    <source>
                        <groupId>b309dc6a-67eb-3062-0000-000000000000</groupId>
                        <id>603dda1c-2715-3ed6-0000-000000000000</id>
                        <type>PROCESSOR</type>
                    </source>
                    <zIndex>0</zIndex>
                </connections>
                <connections>
                    <id>67ffb1dc-5758-3749-0000-000000000000</id>
                    <parentGroupId>b309dc6a-67eb-3062-0000-000000000000</parentGroupId>
                    <backPressureDataSizeThreshold>1 GB</backPressureDataSizeThreshold>
                    <backPressureObjectThreshold>10000</backPressureObjectThreshold>
                    <destination>
                        <groupId>b309dc6a-67eb-3062-0000-000000000000</groupId>
                        <id>145b2a05-8440-3dd0-0000-000000000000</id>
                        <type>PROCESSOR</type>
                    </destination>
                    <flowFileExpiration>0 sec</flowFileExpiration>
                    <labelIndex>1</labelIndex>
                    <loadBalanceCompression>DO_NOT_COMPRESS</loadBalanceCompression>
                    <loadBalancePartitionAttribute></loadBalancePartitionAttribute>
                    <loadBalanceStatus>LOAD_BALANCE_NOT_CONFIGURED</loadBalanceStatus>
                    <loadBalanceStrategy>DO_NOT_LOAD_BALANCE</loadBalanceStrategy>
                    <name></name>
                    <selectedRelationships>success</selectedRelationships>
                    <source>
                        <groupId>b309dc6a-67eb-3062-0000-000000000000</groupId>
                        <id>92ecae0e-392b-31bf-0000-000000000000</id>
                        <type>PROCESSOR</type>
                    </source>
                    <zIndex>0</zIndex>
                </connections>
                <connections>
                    <id>757a4f5a-cda5-3e6f-0000-000000000000</id>
                    <parentGroupId>b309dc6a-67eb-3062-0000-000000000000</parentGroupId>
                    <backPressureDataSizeThreshold>1 GB</backPressureDataSizeThreshold>
                    <backPressureObjectThreshold>10000</backPressureObjectThreshold>
                    <destination>
                        <groupId>b309dc6a-67eb-3062-0000-000000000000</groupId>
                        <id>603dda1c-2715-3ed6-0000-000000000000</id>
                        <type>PROCESSOR</type>
                    </destination>
                    <flowFileExpiration>0 sec</flowFileExpiration>
                    <labelIndex>1</labelIndex>
                    <loadBalanceCompression>DO_NOT_COMPRESS</loadBalanceCompression>
                    <loadBalancePartitionAttribute></loadBalancePartitionAttribute>
                    <loadBalanceStatus>LOAD_BALANCE_NOT_CONFIGURED</loadBalanceStatus>
                    <loadBalanceStrategy>DO_NOT_LOAD_BALANCE</loadBalanceStrategy>
                    <name></name>
                    <selectedRelationships>success</selectedRelationships>
                    <source>
                        <groupId>b309dc6a-67eb-3062-0000-000000000000</groupId>
                        <id>145b2a05-8440-3dd0-0000-000000000000</id>
                        <type>PROCESSOR</type>
                    </source>
                    <zIndex>0</zIndex>
                </connections>
                <connections>
                    <id>9b3e3114-9893-3a2f-0000-000000000000</id>
                    <parentGroupId>b309dc6a-67eb-3062-0000-000000000000</parentGroupId>
                    <backPressureDataSizeThreshold>1 GB</backPressureDataSizeThreshold>
                    <backPressureObjectThreshold>10000</backPressureObjectThreshold>
                    <destination>
                        <groupId>b309dc6a-67eb-3062-0000-000000000000</groupId>
                        <id>92ecae0e-392b-31bf-0000-000000000000</id>
                        <type>PROCESSOR</type>
                    </destination>
                    <flowFileExpiration>0 sec</flowFileExpiration>
                    <labelIndex>1</labelIndex>
                    <loadBalanceCompression>DO_NOT_COMPRESS</loadBalanceCompression>
                    <loadBalancePartitionAttribute></loadBalancePartitionAttribute>
                    <loadBalanceStatus>LOAD_BALANCE_NOT_CONFIGURED</loadBalanceStatus>
                    <loadBalanceStrategy>DO_NOT_LOAD_BALANCE</loadBalanceStrategy>
                    <name></name>
                    <selectedRelationships>success</selectedRelationships>
                    <source>
                        <groupId>b309dc6a-67eb-3062-0000-000000000000</groupId>
                        <id>80fbd19b-b417-3568-0000-000000000000</id>
                        <type>PROCESSOR</type>
                    </source>
                    <zIndex>0</zIndex>
                </connections>
                <connections>
                    <id>d3621e4b-b7db-38c1-0000-000000000000</id>
                    <parentGroupId>b309dc6a-67eb-3062-0000-000000000000</parentGroupId>
                    <backPressureDataSizeThreshold>1 GB</backPressureDataSizeThreshold>
                    <backPressureObjectThreshold>10000</backPressureObjectThreshold>
                    <destination>
                        <groupId>b309dc6a-67eb-3062-0000-000000000000</groupId>
                        <id>0b769924-f184-3e66-0000-000000000000</id>
                        <type>PROCESSOR</type>
                    </destination>
                    <flowFileExpiration>0 sec</flowFileExpiration>
                    <labelIndex>1</labelIndex>
                    <loadBalanceCompression>DO_NOT_COMPRESS</loadBalanceCompression>
                    <loadBalancePartitionAttribute></loadBalancePartitionAttribute>
                    <loadBalanceStatus>LOAD_BALANCE_NOT_CONFIGURED</loadBalanceStatus>
                    <loadBalanceStrategy>DO_NOT_LOAD_BALANCE</loadBalanceStrategy>
                    <name></name>
                    <selectedRelationships>failure</selectedRelationships>
                    <source>
                        <groupId>b309dc6a-67eb-3062-0000-000000000000</groupId>
                        <id>145b2a05-8440-3dd0-0000-000000000000</id>
                        <type>PROCESSOR</type>
                    </source>
                    <zIndex>0</zIndex>
                </connections>
                <connections>
                    <id>d3aedc71-216e-32fb-0000-000000000000</id>
                    <parentGroupId>b309dc6a-67eb-3062-0000-000000000000</parentGroupId>
                    <backPressureDataSizeThreshold>1 GB</backPressureDataSizeThreshold>
                    <backPressureObjectThreshold>10000</backPressureObjectThreshold>
                    <destination>
                        <groupId>b309dc6a-67eb-3062-0000-000000000000</groupId>
                        <id>0b769924-f184-3e66-0000-000000000000</id>
                        <type>PROCESSOR</type>
                    </destination>
                    <flowFileExpiration>0 sec</flowFileExpiration>
                    <labelIndex>1</labelIndex>
                    <loadBalanceCompression>DO_NOT_COMPRESS</loadBalanceCompression>
                    <loadBalancePartitionAttribute></loadBalancePartitionAttribute>
                    <loadBalanceStatus>LOAD_BALANCE_NOT_CONFIGURED</loadBalanceStatus>
                    <loadBalanceStrategy>DO_NOT_LOAD_BALANCE</loadBalanceStrategy>
                    <name></name>
                    <selectedRelationships>failure</selectedRelationships>
                    <source>
                        <groupId>b309dc6a-67eb-3062-0000-000000000000</groupId>
                        <id>92ecae0e-392b-31bf-0000-000000000000</id>
                        <type>PROCESSOR</type>
                    </source>
                    <zIndex>0</zIndex>
                </connections>
                <controllerServices>
                    <id>5b1dd203-3eaf-3f1c-0000-000000000000</id>
                    <parentGroupId>b309dc6a-67eb-3062-0000-000000000000</parentGroupId>
                    <bundle>
                        <artifact>nifi-dbcp-service-nar</artifact>
                        <group>org.apache.nifi</group>
                        <version>1.15.3</version>
                    </bundle>
                    <comments></comments>
                    <descriptors>
                        <entry>
                            <key>Database Connection URL</key>
                            <value>
<name>Database Connection URL</name>
                            </value>
                        </entry>
                        <entry>
                            <key>Database Driver Class Name</key>
                            <value>
<name>Database Driver Class Name</name>
                            </value>
                        </entry>
                        <entry>
                            <key>database-driver-locations</key>
                            <value>
<name>database-driver-locations</name>
                            </value>
                        </entry>
                        <entry>
                            <key>kerberos-user-service</key>
                            <value>
<identifiesControllerService>org.apache.nifi.kerberos.KerberosUserService</identifiesControllerService>
<name>kerberos-user-service</name>
                            </value>
                        </entry>
                        <entry>
                            <key>kerberos-credentials-service</key>
                            <value>
<identifiesControllerService>org.apache.nifi.kerberos.KerberosCredentialsService</identifiesControllerService>
<name>kerberos-credentials-service</name>
                            </value>
                        </entry>
                        <entry>
                            <key>kerberos-principal</key>
                            <value>
<name>kerberos-principal</name>
                            </value>
                        </entry>
                        <entry>
                            <key>kerberos-password</key>
                            <value>
<name>kerberos-password</name>
                            </value>
                        </entry>
                        <entry>
                            <key>Database User</key>
                            <value>
<name>Database User</name>
                            </value>
                        </entry>
                        <entry>
                            <key>Password</key>
                            <value>
<name>Password</name>
                            </value>
                        </entry>
                        <entry>
                            <key>Max Wait Time</key>
                            <value>
<name>Max Wait Time</name>
                            </value>
                        </entry>
                        <entry>
                            <key>Max Total Connections</key>
                            <value>
<name>Max Total Connections</name>
                            </value>
                        </entry>
                        <entry>
                            <key>Validation-query</key>
                            <value>
<name>Validation-query</name>
                            </value>
                        </entry>
                        <entry>
                            <key>dbcp-min-idle-conns</key>
                            <value>
<name>dbcp-min-idle-conns</name>
                            </value>
                        </entry>
                        <entry>
                            <key>dbcp-max-idle-conns</key>
                            <value>
<name>dbcp-max-idle-conns</name>
                            </value>
                        </entry>
                        <entry>
                            <key>dbcp-max-conn-lifetime</key>
                            <value>
<name>dbcp-max-conn-lifetime</name>
                            </value>
                        </entry>
                        <entry>
                            <key>dbcp-time-between-eviction-runs</key>
                            <value>
<name>dbcp-time-between-eviction-runs</name>
                            </value>
                        </entry>
                        <entry>
                            <key>dbcp-min-evictable-idle-time</key>
                            <value>
<name>dbcp-min-evictable-idle-time</name>
                            </value>
                        </entry>
                        <entry>
                            <key>dbcp-soft-min-evictable-idle-time</key>
                            <value>
<name>dbcp-soft-min-evictable-idle-time</name>
                            </value>
                        </entry>
                    </descriptors>
                    <name>DBCPConnectionPool</name>
                    <persistsState>false</persistsState>
                    <properties>
                        <entry>
                            <key>Database Connection URL</key>
                            <value>jdbc:postgresql://postgres-db:5432/</value>
                        </entry>
                        <entry>
                            <key>Database Driver Class Name</key>
                            <value>org:postgresql.Driver</value>
                        </entry>
                        <entry>
                            <key>database-driver-locations</key>
                        </entry>
                        <entry>
                            <key>kerberos-user-service</key>
                        </entry>
                        <entry>
                            <key>kerberos-credentials-service</key>
                        </entry>
                        <entry>
                            <key>kerberos-principal</key>
                        </entry>
                        <entry>
                            <key>kerberos-password</key>
                        </entry>
                        <entry>
                            <key>Database User</key>
                        </entry>
                        <entry>
                            <key>Password</key>
                        </entry>
                        <entry>
                            <key>Max Wait Time</key>
                            <value>500 millis</value>
                        </entry>
                        <entry>
                            <key>Max Total Connections</key>
                            <value>8</value>
                        </entry>
                        <entry>
                            <key>Validation-query</key>
                        </entry>
                        <entry>
                            <key>dbcp-min-idle-conns</key>
                            <value>0</value>
                        </entry>
                        <entry>
                            <key>dbcp-max-idle-conns</key>
                            <value>8</value>
                        </entry>
                        <entry>
                            <key>dbcp-max-conn-lifetime</key>
                            <value>-1</value>
                        </entry>
                        <entry>
                            <key>dbcp-time-between-eviction-runs</key>
                            <value>-1</value>
                        </entry>
                        <entry>
                            <key>dbcp-min-evictable-idle-time</key>
                            <value>30 mins</value>
                        </entry>
                        <entry>
                            <key>dbcp-soft-min-evictable-idle-time</key>
                            <value>-1</value>
                        </entry>
                    </properties>
                    <state>ENABLING</state>
                    <type>org.apache.nifi.dbcp.DBCPConnectionPool</type>
                </controllerServices>
                <processors>
                    <id>0b769924-f184-3e66-0000-000000000000</id>
                    <parentGroupId>b309dc6a-67eb-3062-0000-000000000000</parentGroupId>
                    <position>
                        <x>-368.0</x>
                        <y>152.0</y>
                    </position>
                    <bundle>
                        <artifact>nifi-standard-nar</artifact>
                        <group>org.apache.nifi</group>
                        <version>1.15.3</version>
                    </bundle>
                    <config>
                        <bulletinLevel>WARN</bulletinLevel>
                        <comments></comments>
                        <concurrentlySchedulableTaskCount>1</concurrentlySchedulableTaskCount>
                        <descriptors>
                            <entry>
<key>Log Level</key>
<value>
    <name>Log Level</name>
</value>
                            </entry>
                            <entry>
<key>Log Payload</key>
<value>
    <name>Log Payload</name>
</value>
                            </entry>
                            <entry>
<key>Attributes to Log</key>
<value>
    <name>Attributes to Log</name>
</value>
                            </entry>
                            <entry>
<key>attributes-to-log-regex</key>
<value>
    <name>attributes-to-log-regex</name>
</value>
                            </entry>
                            <entry>
<key>Attributes to Ignore</key>
<value>
    <name>Attributes to Ignore</name>
</value>
                            </entry>
                            <entry>
<key>attributes-to-ignore-regex</key>
<value>
    <name>attributes-to-ignore-regex</name>
</value>
                            </entry>
                            <entry>
<key>Log prefix</key>
<value>
    <name>Log prefix</name>
</value>
                            </entry>
                            <entry>
<key>character-set</key>
<value>
    <name>character-set</name>
</value>
                            </entry>
                        </descriptors>
                        <executionNode>ALL</executionNode>
                        <lossTolerant>false</lossTolerant>
                        <penaltyDuration>30 sec</penaltyDuration>
                        <properties>
                            <entry>
<key>Log Level</key>
<value>info</value>
                            </entry>
                            <entry>
<key>Log Payload</key>
<value>false</value>
                            </entry>
                            <entry>
<key>Attributes to Log</key>
                            </entry>
                            <entry>
<key>attributes-to-log-regex</key>
<value>.*</value>
                            </entry>
                            <entry>
<key>Attributes to Ignore</key>
                            </entry>
                            <entry>
<key>attributes-to-ignore-regex</key>
                            </entry>
                            <entry>
<key>Log prefix</key>
                            </entry>
                            <entry>
<key>character-set</key>
<value>UTF-8</value>
                            </entry>
                        </properties>
                        <runDurationMillis>0</runDurationMillis>
                        <schedulingPeriod>0 sec</schedulingPeriod>
                        <schedulingStrategy>TIMER_DRIVEN</schedulingStrategy>
                        <yieldDuration>1 sec</yieldDuration>
                    </config>
                    <executionNodeRestricted>false</executionNodeRestricted>
                    <name>LogAttribute</name>
                    <relationships>
                        <autoTerminate>false</autoTerminate>
                        <name>success</name>
                    </relationships>
                    <state>STOPPED</state>
                    <style/>
                    <type>org.apache.nifi.processors.standard.LogAttribute</type>
                </processors>
                <processors>
                    <id>145b2a05-8440-3dd0-0000-000000000000</id>
                    <parentGroupId>b309dc6a-67eb-3062-0000-000000000000</parentGroupId>
                    <position>
                        <x>328.0</x>
                        <y>368.0</y>
                    </position>
                    <bundle>
                        <artifact>nifi-standard-nar</artifact>
                        <group>org.apache.nifi</group>
                        <version>1.15.3</version>
                    </bundle>
                    <config>
                        <bulletinLevel>WARN</bulletinLevel>
                        <comments></comments>
                        <concurrentlySchedulableTaskCount>1</concurrentlySchedulableTaskCount>
                        <descriptors>
                            <entry>
<key>Database Connection Pooling Service</key>
<value>
    <identifiesControllerService>org.apache.nifi.dbcp.DBCPService</identifiesControllerService>
    <name>Database Connection Pooling Service</name>
</value>
                            </entry>
                            <entry>
<key>sql-pre-query</key>
<value>
    <name>sql-pre-query</name>
</value>
                            </entry>
                            <entry>
<key>SQL select query</key>
<value>
    <name>SQL select query</name>
</value>
                            </entry>
                            <entry>
<key>sql-post-query</key>
<value>
    <name>sql-post-query</name>
</value>
                            </entry>
                            <entry>
<key>Max Wait Time</key>
<value>
    <name>Max Wait Time</name>
</value>
                            </entry>
                            <entry>
<key>dbf-normalize</key>
<value>
    <name>dbf-normalize</name>
</value>
                            </entry>
                            <entry>
<key>dbf-user-logical-types</key>
<value>
    <name>dbf-user-logical-types</name>
</value>
                            </entry>
                            <entry>
<key>compression-format</key>
<value>
    <name>compression-format</name>
</value>
                            </entry>
                            <entry>
<key>dbf-default-precision</key>
<value>
    <name>dbf-default-precision</name>
</value>
                            </entry>
                            <entry>
<key>dbf-default-scale</key>
<value>
    <name>dbf-default-scale</name>
</value>
                            </entry>
                            <entry>
<key>esql-max-rows</key>
<value>
    <name>esql-max-rows</name>
</value>
                            </entry>
                            <entry>
<key>esql-output-batch-size</key>
<value>
    <name>esql-output-batch-size</name>
</value>
                            </entry>
                            <entry>
<key>esql-fetch-size</key>
<value>
    <name>esql-fetch-size</name>
</value>
                            </entry>
                            <entry>
<key>esql-auto-commit</key>
<value>
    <name>esql-auto-commit</name>
</value>
                            </entry>
                        </descriptors>
                        <executionNode>ALL</executionNode>
                        <lossTolerant>false</lossTolerant>
                        <penaltyDuration>30 sec</penaltyDuration>
                        <properties>
                            <entry>
<key>Database Connection Pooling Service</key>
<value>5b1dd203-3eaf-3f1c-0000-000000000000</value>
                            </entry>
                            <entry>
<key>sql-pre-query</key>
                            </entry>
                            <entry>
<key>SQL select query</key>
                            </entry>
                            <entry>
<key>sql-post-query</key>
                            </entry>
                            <entry>
<key>Max Wait Time</key>
<value>0 seconds</value>
                            </entry>
                            <entry>
<key>dbf-normalize</key>
<value>false</value>
                            </entry>
                            <entry>
<key>dbf-user-logical-types</key>
<value>false</value>
                            </entry>
                            <entry>
<key>compression-format</key>
<value>NONE</value>
                            </entry>
                            <entry>
<key>dbf-default-precision</key>
<value>10</value>
                            </entry>
                            <entry>
<key>dbf-default-scale</key>
<value>0</value>
                            </entry>
                            <entry>
<key>esql-max-rows</key>
<value>0</value>
                            </entry>
                            <entry>
<key>esql-output-batch-size</key>
<value>0</value>
                            </entry>
                            <entry>
<key>esql-fetch-size</key>
<value>0</value>
                            </entry>
                            <entry>
<key>esql-auto-commit</key>
<value>true</value>
                            </entry>
                        </properties>
                        <runDurationMillis>0</runDurationMillis>
                        <schedulingPeriod>0 sec</schedulingPeriod>
                        <schedulingStrategy>TIMER_DRIVEN</schedulingStrategy>
                        <yieldDuration>1 sec</yieldDuration>
                    </config>
                    <executionNodeRestricted>false</executionNodeRestricted>
                    <name>ExecuteSQL</name>
                    <relationships>
                        <autoTerminate>false</autoTerminate>
                        <name>failure</name>
                    </relationships>
                    <relationships>
                        <autoTerminate>false</autoTerminate>
                        <name>success</name>
                    </relationships>
                    <state>STOPPED</state>
                    <style/>
                    <type>org.apache.nifi.processors.standard.ExecuteSQL</type>
                </processors>
                <processors>
                    <id>603dda1c-2715-3ed6-0000-000000000000</id>
                    <parentGroupId>b309dc6a-67eb-3062-0000-000000000000</parentGroupId>
                    <position>
                        <x>264.0</x>
                        <y>600.0</y>
                    </position>
                    <bundle>
                        <artifact>nifi-standard-nar</artifact>
                        <group>org.apache.nifi</group>
                        <version>1.15.3</version>
                    </bundle>
                    <config>
                        <bulletinLevel>WARN</bulletinLevel>
                        <comments></comments>
                        <concurrentlySchedulableTaskCount>1</concurrentlySchedulableTaskCount>
                        <descriptors>
                            <entry>
<key>put-db-record-record-reader</key>
<value>
    <identifiesControllerService>org.apache.nifi.serialization.RecordReaderFactory</identifiesControllerService>
    <name>put-db-record-record-reader</name>
</value>
                            </entry>
                            <entry>
<key>db-type</key>
<value>
    <name>db-type</name>
</value>
                            </entry>
                            <entry>
<key>put-db-record-statement-type</key>
<value>
    <name>put-db-record-statement-type</name>
</value>
                            </entry>
                            <entry>
<key>Statement Type Record Path</key>
<value>
    <dependencies>
        <dependentValues>Use Record Path</dependentValues>
        <propertyName>put-db-record-statement-type</propertyName>
    </dependencies>
    <name>Statement Type Record Path</name>
</value>
                            </entry>
                            <entry>
<key>Data Record Path</key>
<value>
    <name>Data Record Path</name>
</value>
                            </entry>
                            <entry>
<key>put-db-record-dcbp-service</key>
<value>
    <identifiesControllerService>org.apache.nifi.dbcp.DBCPService</identifiesControllerService>
    <name>put-db-record-dcbp-service</name>
</value>
                            </entry>
                            <entry>
<key>put-db-record-catalog-name</key>
<value>
    <name>put-db-record-catalog-name</name>
</value>
                            </entry>
                            <entry>
<key>put-db-record-schema-name</key>
<value>
    <name>put-db-record-schema-name</name>
</value>
                            </entry>
                            <entry>
<key>put-db-record-table-name</key>
<value>
    <name>put-db-record-table-name</name>
</value>
                            </entry>
                            <entry>
<key>put-db-record-translate-field-names</key>
<value>
    <name>put-db-record-translate-field-names</name>
</value>
                            </entry>
                            <entry>
<key>put-db-record-unmatched-field-behavior</key>
<value>
    <name>put-db-record-unmatched-field-behavior</name>
</value>
                            </entry>
                            <entry>
<key>put-db-record-unmatched-column-behavior</key>
<value>
    <name>put-db-record-unmatched-column-behavior</name>
</value>
                            </entry>
                            <entry>
<key>put-db-record-update-keys</key>
<value>
    <dependencies>
        <dependentValues>Use statement.type Attribute</dependentValues>
        <dependentValues>Use Record Path</dependentValues>
        <dependentValues>UPSERT</dependentValues>
        <dependentValues>UPDATE</dependentValues>
        <dependentValues>SQL</dependentValues>
        <propertyName>put-db-record-statement-type</propertyName>
    </dependencies>
    <name>put-db-record-update-keys</name>
</value>
                            </entry>
                            <entry>
<key>put-db-record-field-containing-sql</key>
<value>
    <dependencies>
        <dependentValues>Use statement.type Attribute</dependentValues>
        <dependentValues>Use Record Path</dependentValues>
        <propertyName>put-db-record-statement-type</propertyName>
    </dependencies>
    <name>put-db-record-field-containing-sql</name>
</value>
                            </entry>
                            <entry>
<key>put-db-record-allow-multiple-statements</key>
<value>
    <dependencies>
        <dependentValues>Use statement.type Attribute</dependentValues>
        <dependentValues>Use Record Path</dependentValues>
        <propertyName>put-db-record-statement-type</propertyName>
    </dependencies>
    <name>put-db-record-allow-multiple-statements</name>
</value>
                            </entry>
                            <entry>
<key>put-db-record-quoted-identifiers</key>
<value>
    <name>put-db-record-quoted-identifiers</name>
</value>
                            </entry>
                            <entry>
<key>put-db-record-quoted-table-identifiers</key>
<value>
    <name>put-db-record-quoted-table-identifiers</name>
</value>
                            </entry>
                            <entry>
<key>put-db-record-query-timeout</key>
<value>
    <name>put-db-record-query-timeout</name>
</value>
                            </entry>
                            <entry>
<key>rollback-on-failure</key>
<value>
    <name>rollback-on-failure</name>
</value>
                            </entry>
                            <entry>
<key>table-schema-cache-size</key>
<value>
    <name>table-schema-cache-size</name>
</value>
                            </entry>
                            <entry>
<key>put-db-record-max-batch-size</key>
<value>
    <dependencies>
        <dependentValues>Use statement.type Attribute</dependentValues>
        <dependentValues>Use Record Path</dependentValues>
        <dependentValues>INSERT</dependentValues>
        <dependentValues>UPDATE</dependentValues>
        <propertyName>put-db-record-statement-type</propertyName>
    </dependencies>
    <name>put-db-record-max-batch-size</name>
</value>
                            </entry>
                        </descriptors>
                        <executionNode>ALL</executionNode>
                        <lossTolerant>false</lossTolerant>
                        <penaltyDuration>30 sec</penaltyDuration>
                        <properties>
                            <entry>
<key>put-db-record-record-reader</key>
                            </entry>
                            <entry>
<key>db-type</key>
<value>Generic</value>
                            </entry>
                            <entry>
<key>put-db-record-statement-type</key>
                            </entry>
                            <entry>
<key>Statement Type Record Path</key>
                            </entry>
                            <entry>
<key>Data Record Path</key>
                            </entry>
                            <entry>
<key>put-db-record-dcbp-service</key>
                            </entry>
                            <entry>
<key>put-db-record-catalog-name</key>
                            </entry>
                            <entry>
<key>put-db-record-schema-name</key>
                            </entry>
                            <entry>
<key>put-db-record-table-name</key>
                            </entry>
                            <entry>
<key>put-db-record-translate-field-names</key>
<value>true</value>
                            </entry>
                            <entry>
<key>put-db-record-unmatched-field-behavior</key>
<value>Ignore Unmatched Fields</value>
                            </entry>
                            <entry>
<key>put-db-record-unmatched-column-behavior</key>
<value>Fail on Unmatched Columns</value>
                            </entry>
                            <entry>
<key>put-db-record-update-keys</key>
                            </entry>
                            <entry>
<key>put-db-record-field-containing-sql</key>
                            </entry>
                            <entry>
<key>put-db-record-allow-multiple-statements</key>
<value>false</value>
                            </entry>
                            <entry>
<key>put-db-record-quoted-identifiers</key>
<value>false</value>
                            </entry>
                            <entry>
<key>put-db-record-quoted-table-identifiers</key>
<value>false</value>
                            </entry>
                            <entry>
<key>put-db-record-query-timeout</key>
<value>0 seconds</value>
                            </entry>
                            <entry>
<key>rollback-on-failure</key>
<value>false</value>
                            </entry>
                            <entry>
<key>table-schema-cache-size</key>
<value>100</value>
                            </entry>
                            <entry>
<key>put-db-record-max-batch-size</key>
<value>0</value>
                            </entry>
                        </properties>
                        <runDurationMillis>0</runDurationMillis>
                        <schedulingPeriod>0 sec</schedulingPeriod>
                        <schedulingStrategy>TIMER_DRIVEN</schedulingStrategy>
                        <yieldDuration>1 sec</yieldDuration>
                    </config>
                    <executionNodeRestricted>false</executionNodeRestricted>
                    <name>PutDatabaseRecord</name>
                    <relationships>
                        <autoTerminate>false</autoTerminate>
                        <name>failure</name>
                    </relationships>
                    <relationships>
                        <autoTerminate>false</autoTerminate>
                        <name>retry</name>
                    </relationships>
                    <relationships>
                        <autoTerminate>false</autoTerminate>
                        <name>success</name>
                    </relationships>
                    <state>STOPPED</state>
                    <style/>
                    <type>org.apache.nifi.processors.standard.PutDatabaseRecord</type>
                </processors>
                <processors>
                    <id>80fbd19b-b417-3568-0000-000000000000</id>
                    <parentGroupId>b309dc6a-67eb-3062-0000-000000000000</parentGroupId>
                    <position>
                        <x>336.0</x>
                        <y>-64.0</y>
                    </position>
                    <bundle>
                        <artifact>nifi-standard-nar</artifact>
                        <group>org.apache.nifi</group>
                        <version>1.15.3</version>
                    </bundle>
                    <config>
                        <bulletinLevel>WARN</bulletinLevel>
                        <comments></comments>
                        <concurrentlySchedulableTaskCount>1</concurrentlySchedulableTaskCount>
                        <descriptors>
                            <entry>
<key>Base Path</key>
<value>
    <name>Base Path</name>
</value>
                            </entry>
                            <entry>
<key>Listening Port</key>
<value>
    <name>Listening Port</name>
</value>
                            </entry>
                            <entry>
<key>health-check-port</key>
<value>
    <name>health-check-port</name>
</value>
                            </entry>
                            <entry>
<key>Max Data to Receive per Second</key>
<value>
    <name>Max Data to Receive per Second</name>
</value>
                            </entry>
                            <entry>
<key>SSL Context Service</key>
<value>
    <identifiesControllerService>org.apache.nifi.ssl.RestrictedSSLContextService</identifiesControllerService>
    <name>SSL Context Service</name>
</value>
                            </entry>
                            <entry>
<key>client-authentication</key>
<value>
    <dependencies>
        <propertyName>SSL Context Service</propertyName>
    </dependencies>
    <name>client-authentication</name>
</value>
                            </entry>
                            <entry>
<key>Authorized DN Pattern</key>
<value>
    <name>Authorized DN Pattern</name>
</value>
                            </entry>
                            <entry>
<key>authorized-issuer-dn-pattern</key>
<value>
    <name>authorized-issuer-dn-pattern</name>
</value>
                            </entry>
                            <entry>
<key>Max Unconfirmed Flowfile Time</key>
<value>
    <name>Max Unconfirmed Flowfile Time</name>
</value>
                            </entry>
                            <entry>
<key>HTTP Headers to receive as Attributes (Regex)</key>
<value>
    <name>HTTP Headers to receive as Attributes (Regex)</name>
</value>
                            </entry>
                            <entry>
<key>Return Code</key>
<value>
    <name>Return Code</name>
</value>
                            </entry>
                            <entry>
<key>multipart-request-max-size</key>
<value>
    <name>multipart-request-max-size</name>
</value>
                            </entry>
                            <entry>
<key>multipart-read-buffer-size</key>
<value>
    <name>multipart-read-buffer-size</name>
</value>
                            </entry>
                            <entry>
<key>max-thread-pool-size</key>
<value>
    <name>max-thread-pool-size</name>
</value>
                            </entry>
                            <entry>
<key>record-reader</key>
<value>
    <identifiesControllerService>org.apache.nifi.serialization.RecordReaderFactory</identifiesControllerService>
    <name>record-reader</name>
</value>
                            </entry>
                            <entry>
<key>record-writer</key>
<value>
    <dependencies>
        <propertyName>record-reader</propertyName>
    </dependencies>
    <identifiesControllerService>org.apache.nifi.serialization.RecordSetWriterFactory</identifiesControllerService>
    <name>record-writer</name>
</value>
                            </entry>
                        </descriptors>
                        <executionNode>ALL</executionNode>
                        <lossTolerant>false</lossTolerant>
                        <penaltyDuration>30 sec</penaltyDuration>
                        <properties>
                            <entry>
<key>Base Path</key>
<value>v2/notify</value>
                            </entry>
                            <entry>
<key>Listening Port</key>
<value>5050</value>
                            </entry>
                            <entry>
<key>health-check-port</key>
                            </entry>
                            <entry>
<key>Max Data to Receive per Second</key>
                            </entry>
                            <entry>
<key>SSL Context Service</key>
                            </entry>
                            <entry>
<key>client-authentication</key>
<value>AUTO</value>
                            </entry>
                            <entry>
<key>Authorized DN Pattern</key>
<value>.*</value>
                            </entry>
                            <entry>
<key>authorized-issuer-dn-pattern</key>
<value>.*</value>
                            </entry>
                            <entry>
<key>Max Unconfirmed Flowfile Time</key>
<value>60 secs</value>
                            </entry>
                            <entry>
<key>HTTP Headers to receive as Attributes (Regex)</key>
                            </entry>
                            <entry>
<key>Return Code</key>
<value>200</value>
                            </entry>
                            <entry>
<key>multipart-request-max-size</key>
<value>1 MB</value>
                            </entry>
                            <entry>
<key>multipart-read-buffer-size</key>
<value>512 KB</value>
                            </entry>
                            <entry>
<key>max-thread-pool-size</key>
<value>200</value>
                            </entry>
                            <entry>
<key>record-reader</key>
                            </entry>
                            <entry>
<key>record-writer</key>
                            </entry>
                        </properties>
                        <runDurationMillis>0</runDurationMillis>
                        <schedulingPeriod>0 sec</schedulingPeriod>
                        <schedulingStrategy>TIMER_DRIVEN</schedulingStrategy>
                        <yieldDuration>1 sec</yieldDuration>
                    </config>
                    <executionNodeRestricted>false</executionNodeRestricted>
                    <name>ListenHTTP</name>
                    <relationships>
                        <autoTerminate>false</autoTerminate>
                        <name>success</name>
                    </relationships>
                    <state>RUNNING</state>
                    <style/>
                    <type>org.apache.nifi.processors.standard.ListenHTTP</type>
                </processors>
                <processors>
                    <id>92ecae0e-392b-31bf-0000-000000000000</id>
                    <parentGroupId>b309dc6a-67eb-3062-0000-000000000000</parentGroupId>
                    <position>
                        <x>336.0</x>
                        <y>176.0</y>
                    </position>
                    <bundle>
                        <artifact>nifi-ngsi-nar</artifact>
                        <group>org.apache.nifi</group>
                        <version>2.1.0</version>
                    </bundle>
                    <config>
                        <bulletinLevel>WARN</bulletinLevel>
                        <comments></comments>
                        <concurrentlySchedulableTaskCount>1</concurrentlySchedulableTaskCount>
                        <descriptors>
                            <entry>
<key>JDBC Connection Pool</key>
<value>
    <identifiesControllerService>org.apache.nifi.dbcp.DBCPService</identifiesControllerService>
    <name>JDBC Connection Pool</name>
</value>
                            </entry>
                            <entry>
<key>ngsi-version</key>
<value>
    <name>ngsi-version</name>
</value>
                            </entry>
                            <entry>
<key>data-model</key>
<value>
    <name>data-model</name>
</value>
                            </entry>
                            <entry>
<key>attr-persistence</key>
<value>
    <name>attr-persistence</name>
</value>
                            </entry>
                            <entry>
<key>default-service</key>
<value>
    <name>default-service</name>
</value>
                            </entry>
                            <entry>
<key>default-service-path</key>
<value>
    <name>default-service-path</name>
</value>
                            </entry>
                            <entry>
<key>enable-encoding</key>
<value>
    <name>enable-encoding</name>
</value>
                            </entry>
                            <entry>
<key>ckan-compatibility</key>
<value>
    <name>ckan-compatibility</name>
</value>
                            </entry>
                            <entry>
<key>enable-lowercase</key>
<value>
    <name>enable-lowercase</name>
</value>
                            </entry>
                            <entry>
<key>Batch Size</key>
<value>
    <name>Batch Size</name>
</value>
                            </entry>
                            <entry>
<key>rollback-on-failure</key>
<value>
    <name>rollback-on-failure</name>
</value>
                            </entry>
                        </descriptors>
                        <executionNode>ALL</executionNode>
                        <lossTolerant>false</lossTolerant>
                        <penaltyDuration>30 sec</penaltyDuration>
                        <properties>
                            <entry>
<key>JDBC Connection Pool</key>
<value>5b1dd203-3eaf-3f1c-0000-000000000000</value>
                            </entry>
                            <entry>
<key>ngsi-version</key>
<value>v2</value>
                            </entry>
                            <entry>
<key>data-model</key>
<value>db-by-entity</value>
                            </entry>
                            <entry>
<key>attr-persistence</key>
<value>row</value>
                            </entry>
                            <entry>
<key>default-service</key>
<value>test</value>
                            </entry>
                            <entry>
<key>default-service-path</key>
<value>/path</value>
                            </entry>
                            <entry>
<key>enable-encoding</key>
<value>true</value>
                            </entry>
                            <entry>
<key>ckan-compatibility</key>
<value>false</value>
                            </entry>
                            <entry>
<key>enable-lowercase</key>
<value>true</value>
                            </entry>
                            <entry>
<key>Batch Size</key>
<value>10</value>
                            </entry>
                            <entry>
<key>rollback-on-failure</key>
<value>false</value>
                            </entry>
                        </properties>
                        <runDurationMillis>0</runDurationMillis>
                        <schedulingPeriod>0 sec</schedulingPeriod>
                        <schedulingStrategy>TIMER_DRIVEN</schedulingStrategy>
                        <yieldDuration>1 sec</yieldDuration>
                    </config>
                    <executionNodeRestricted>false</executionNodeRestricted>
                    <name>NGSIToPostgreSQL</name>
                    <relationships>
                        <autoTerminate>false</autoTerminate>
                        <name>failure</name>
                    </relationships>
                    <relationships>
                        <autoTerminate>false</autoTerminate>
                        <name>retry</name>
                    </relationships>
                    <relationships>
                        <autoTerminate>false</autoTerminate>
                        <name>success</name>
                    </relationships>
                    <state>STOPPED</state>
                    <style/>
                    <type>org.apache.nifi.processors.ngsi.NGSIToPostgreSQL</type>
                </processors>
            </contents>
            <defaultBackPressureDataSizeThreshold>1 GB</defaultBackPressureDataSizeThreshold>
            <defaultBackPressureObjectThreshold>10000</defaultBackPressureObjectThreshold>
            <defaultFlowFileExpiration>0 sec</defaultFlowFileExpiration>
            <flowfileConcurrency>UNBOUNDED</flowfileConcurrency>
            <flowfileOutboundPolicy>STREAM_WHEN_AVAILABLE</flowfileOutboundPolicy>
            <name>FIWARE</name>
            <variables/>
        </processGroups>
    </snippet>
    <timestamp>05/20/2022 20:46:43 UTC</timestamp>
</template>
